<?xml version="1.0"?>
<!--Phoronix Test Suite v10.6.1-->
<PhoronixTestSuite>
  <Downloads>
    <Package>
      <URL>http://www.phoronix-test-suite.com/benchmark-files/http-test-files-1.tar.xz</URL>
      <MD5>b86f3e8f5bc9d0014818c5122a6f784d</MD5>
      <SHA256>9d6eace9544c59b910ea403a4693338efc12a6b0915fe227aed86c971b82d3dd</SHA256>
      <FileName>http-test-files-1.tar.xz</FileName>
      <FileSize>2346324</FileSize>
    </Package>
    <Package>
      <URL>http://www.phoronix-test-suite.com/benchmark-files/wrk-20210207.tar.xz</URL>
      <MD5>2a260a5b36f63f686e6a047fca14d9dc</MD5>
      <SHA256>d8e717ea4379d6acf6a1789dac9dc785e42e960dbe6b2a34688414a0c205afed</SHA256>
      <FileName>wrk-20210207.tar.xz</FileName>
      <FileSize>50057408</FileSize>
    </Package>
  </Downloads>
</PhoronixTestSuite>
